File,Price,Beds,Baths,Sq ft,Year Built,Zip Code,Zestimate
boston_forsale_02108.csv,650000,2,2,803,1850,2108,"577,604"
boston_forsale_02108.csv,1850000,2,2.5,2040 ,1900,2108,0
boston_forsale_02108.csv,1695000,2,2,1805 ,1850,2108,0
boston_forsale_02108.csv,3995000,3,4,3230 ,1800,2108,0
boston_forsale_02108.csv,4995000,6,5,5342 ,1900,2108,0
boston_forsale_02108.csv,545000,1,1,806,1890,2108,0
boston_forsale_02108.csv,889000,2,1,1416 ,1900,2108,0
boston_forsale_02108.csv,1149000,2,2,966,2009,2108,"892,088"
boston_forsale_02108.csv,1299000,2,2,1405 ,2009,2108,"1,133,291"
boston_forsale_02108.csv,1200000,2,2,1275 ,1860,2108,"1,114,730"
boston_forsale_02108.csv,10500000,7,5.5,8239 ,1823,2108,"8,924,999"
boston_forsale_02108.csv,5500000,5,3.5,5081 ,1827,2108,"4,674,999"
boston_forsale_02108.csv,3900000,3,3,2943 ,1910,2108,"3,436,777"
boston_forsale_02108.csv,1575000,2,2,1318 ,2009,2108,"1,230,586"
boston_forsale_02108.csv,975000,1,1.5,1316 ,2009,2108,"956,618"
boston_forsale_02108.csv,1399000,2,2,1291 ,2009,2108,"1,119,282"
boston_forsale_02108.csv,1275000,2,2.5,1559 ,2009,2108,"1,229,300"
boston_forsale_02108.csv,6700000,4,5,3905 ,1875,2108,0
boston_forsale_02108.csv,1099000,1,1.5,1368 ,2009,2108,"969,327"
boston_forsale_02108.csv,3450000,4,3.5,3000 ,1938,2108,"2,932,499"
boston_forsale_02108.csv,3950000,5,4.5,4515 ,1890,2108,"3,687,444"
boston_forsale_02108.csv,3300000,6,4,4010 ,1829,2108,"2,763,769"
boston_forsale_02108.csv,3999000,3,3.5,3246 ,1935,2108,"3,502,687"
boston_forsale_02108.csv,5650000,9,8.5,6500 ,1830,2108,"4,807,174"
boston_forsale_02108.csv,1325000,2,2,1318 ,2009,2108,"1,098,782"
boston_forsale_02108.csv,10750000,6,8,7878 ,1846,2108,0
boston_forsale_02108.csv,4700000,5,5,5115 ,1850,2108,"5,147,506"
boston_forsale_02108.csv,2199000,2,2,1636 ,2009,2108,"1,858,546"
boston_forsale_02108.csv,1325000,2,2,1117 ,2009,2108,"1,132,055"
boston_forsale_02108.csv,4390000,3,3.5,3319 ,2009,2108,"3,643,974"
boston_forsale_02108.csv,3399000,2,2.5,2484 ,2009,2108,"2,842,168"
boston_forsale_02108.csv,4750000,5,4.5,5023 ,1850,2108,"4,344,160"
boston_forsale_02108.csv,3964000,3,3.5,2872 ,2009,2108,"3,317,041"
boston_forsale_02108.csv,995000,1,1.5,1235 ,2009,2108,"896,769"
boston_forsale_02108.csv,12500000,5,7,8682 ,1819,2108,"10,624,975"
boston_forsale_02108.csv,5875000,6,5,4774 ,1830,2108,"4,886,882"
boston_forsale_02108.csv,199900,4,2.5,2500 ,21012,2108,"799,766"
boston_forsale_02108.csv,1150000,2,2,1220 ,1880,2108,"930,479"
boston_forsale_02108.csv,799995,2,1,778,1900,2108,"591,583"
boston_forsale_02108.csv,3954001,4,1,4533 ,1899,2108,"3,954,001"
boston_forsale_02108.csv,2883063,3,3.5,3186 ,1899,2108,"2,883,063"
boston_forsale_02108.csv,4330810,4,3.5,5000 ,1818,2108,"4,330,810"
boston_forsale_02108.csv,291062,1,1,560,1899,2108,"291,062"
boston_forsale_02109.csv,2050000,2,2,1530 ,1911,2109,"1,225,473"
boston_forsale_02109.csv,439000,1,1,680,1899,2109,0
boston_forsale_02109.csv,975000,2,2.5,1650 ,1899,2109,0
boston_forsale_02109.csv,359000,1,1,585,1900,2109,0
boston_forsale_02109.csv,2800000,3,2.5,2304 ,1978,2109,"2,379,999"
boston_forsale_02109.csv,550000,1,1.5,1082 ,1900,2109,"532,072"
boston_forsale_02109.csv,850000,2,2,1240 ,1900,2109,"769,519"
boston_forsale_02109.csv,1500000,4,0,3544 ,2003,2109,0
boston_forsale_02109.csv,665000,2,1,1050 ,1900,2109,"543,980"
boston_forsale_02109.csv,419000,2,1,601,1900,2109,"391,649"
boston_forsale_02109.csv,419000,2,1,601,1900,2109,"389,080"
boston_forsale_02109.csv,996000,2,2.5,2000 ,1890,2109,"941,963"
boston_forsale_02109.csv,550000,1,1,965,1853,2109,"588,797"
boston_forsale_02109.csv,575000,2,1,827,1935,2109,"500,682"
boston_forsale_02109.csv,575000,1,1,867,1850,2109,"456,084"
boston_forsale_02109.csv,599000,1,1.5,855,1856,2109,"527,015"
boston_forsale_02109.csv,700000,2,2,1187 ,1987,2109,"678,120"
boston_forsale_02109.csv,337000,1,1,523,1920,2109,"279,907"
boston_forsale_02109.csv,699000,2,1,802,1860,2109,"550,644"
boston_forsale_02110.csv,637500,2,2,1112 ,1899,2110,"583,177"
boston_forsale_02110.csv,1229000,2,2,1312 ,1832,2110,"1,079,345"
boston_forsale_02110.csv,720000,2,1.5,1211 ,1972,2110,0
boston_forsale_02110.csv,1590000,2,2,1500 ,1987,2110,"1,310,714"
boston_forsale_02110.csv,1790000,2,2,1652 ,1832,2110,"1,603,879"
boston_forsale_02110.csv,2200000,3,3,2400 ,1970,2110,"1,869,999"
boston_forsale_02110.csv,1425000,2,2.5,1977 ,1970,2110,0
boston_forsale_02110.csv,1399000,3,2,1533 ,1968,2110,"1,101,471"
boston_forsale_02110.csv,1499000,3,3,1977 ,1970,2110,"1,372,583"
boston_forsale_02110.csv,1450000,2,2,1235 ,1832,2110,"1,192,981"
boston_forsale_02110.csv,3200000,2,2.5,2349 ,1987,2110,"2,881,987"
boston_forsale_02110.csv,2599000,3,4,2511 ,1970,2110,"1,200,328"
boston_forsale_02110.csv,1499000,3,2,1658 ,1868,2110,"1,326,038"
boston_forsale_02110.csv,1100000,2,2,1334 ,2009,2110,"622,883"
boston_forsale_02110.csv,679000,2,1.5,1229 ,1970,2110,"708,782"
boston_forsale_02110.csv,950000,2,1.5,1337 ,1920,2110,"901,729"
boston_forsale_02110.csv,529000,1,1,864,2005,2110,"521,099"
boston_forsale_02110.csv,1799000,2,3,2397 ,Unknown,2110,0
boston_forsale_02110.csv,599000,1,1,825,1830,2110,"614,732"
boston_forsale_02110.csv,1299000,3,2.5,1910 ,2006,2110,"1,301,506"
boston_forsale_02110.csv,799000,2,2,1218 ,1972,2110,"734,868"
boston_forsale_02110.csv,995000,2,2.5,1628 ,1972,2110,"942,144"
boston_forsale_02110.csv,995000,2,2.5,1633 ,"<span class=""noicon contact-label track-ga-event"" data-ga-label=""Year Built"" data-ga-action=""Contact for details link"" data-ga-category=""Homes""><a class=""show-lightbox"" data-reason=""1"" href=""#contact-lightbox"">Contact for details</a></span>",2110,"566,188"
boston_forsale_02110.csv,637500,2,2,1112 ,1900,2110,"909,515"
boston_forsale_02110.csv,1125000,2,2,1250 ,1830,2110,0
boston_forsale_02110.csv,799000,2,2,1226 ,1970,2110,"709,464"
boston_forsale_02110.csv,824900,2,2,1168 ,2006,2110,"747,293"
boston_forsale_02110.csv,899000,2,1,1264 ,1978,2110,"853,769"
boston_forsale_02110.csv,565000,1,1,746,1970,2110,"510,277"
boston_forsale_02110.csv,575000,1,1,881,1970,2110,"559,894"
boston_forsale_02110.csv,609000,1,1,825,1973,2110,0
boston_forsale_02110.csv,2395000,3,3,2125 ,Unknown,2110,0
boston_forsale_02110.csv,2395000,3,2.5,2125 ,2012,2110,"2,035,749"
boston_forsale_02110.csv,2700000,2,2.5,1895 ,1987,2110,"2,268,516"
boston_forsale_02110.csv,539000,1,1,874,1970,2110,"509,347"
boston_forsale_02110.csv,615000,1,1,825,1850,2110,"607,052"
boston_forsale_02110.csv,1790000,2,2,1836 ,1820,2110,"1,521,499"
boston_forsale_02110.csv,569900,1,1,836,2006,2110,"525,517"
boston_forsale_02110.csv,2150000,4,3,2388 ,1972,2110,"1,293,235"
boston_forsale_02110.csv,690000,2,2,1230 ,1970,2110,"657,362"
boston_forsale_02110.csv,496000,1,1,882,1970,2110,"504,400"
boston_forsale_02110.csv,749000,2,1.5,1215 ,1972,2110,"670,200"
boston_forsale_02111.csv,565000,1,2,1119 ,1900,2111,"547,204"
boston_forsale_02111.csv,995000,2,2.5,1402 ,2000,2111,"947,681"
boston_forsale_02111.csv,499999,1,1.5,966,2004,2111,"538,141"
boston_forsale_02111.csv,795000,2,2,1496 ,1913,2111,"714,894"
boston_forsale_02111.csv,1550000,2,2,2823 ,1899,2111,"849,856"
boston_forsale_02111.csv,3250000,3,4.5,2667 ,2000,2111,"2,771,440"
boston_forsale_02111.csv,465000,1,1,769,1899,2111,"490,858"
boston_forsale_02111.csv,525000,1,1.5,1059 ,2004,2111,"564,852"
boston_forsale_02111.csv,1625000,3,2.5,2043 ,2003,2111,"1,561,190"
boston_forsale_02111.csv,799000,2,2,1424 ,2003,2111,"832,585"
boston_forsale_02111.csv,5300000,3,3,2707 ,1999,2111,"3,578,095"
boston_forsale_02111.csv,925000,2,2,1169 ,1989,2111,"641,945"
boston_forsale_02111.csv,529000,1,1,1255 ,1897,2111,"549,993"
boston_forsale_02111.csv,470000,1,1,801,2001,2111,"531,208"
boston_forsale_02111.csv,630000,2,0,1027 ,2004,2111,0
boston_forsale_02111.csv,449900,1,1.5,884,1900,2111,"478,072"
boston_forsale_02111.csv,535000,1,2,1119 ,1900,2111,"559,540"
boston_forsale_02111.csv,899000,2,2,1883 ,1897,2111,"876,294"
boston_forsale_02111.csv,1499000,2,2.5,1504 ,2000,2111,"1,372,567"
boston_forsale_02111.csv,600000,3,2,1400 ,1900,2111,0
boston_forsale_02111.csv,629000,2,2,1026 ,2003,2111,"573,592"
boston_forsale_02111.csv,2449000,4,4,4189 ,2004,2111,"1,696,158"
boston_forsale_02111.csv,599000,1,2,1085 ,2001,2111,"626,653"
boston_forsale_02111.csv,849000,2,3,1343 ,2002,2111,"865,621"
boston_forsale_02111.csv,2320000,2,2.5,2036 ,2000,2111,"2,254,299"
boston_forsale_02111.csv,1600000,2,2,2585 ,1899,2111,"1,335,422"
boston_forsale_02111.csv,2495000,3,4,2707 ,2000,2111,0
boston_forsale_02111.csv,4950000,4,4,3246 ,2000,2111,"4,208,158"
boston_forsale_02111.csv,4250000,3,4.5,2971 ,2000,2111,"3,558,267"
boston_forsale_02111.csv,3575000,3,4.5,2667 ,2000,2111,"2,998,913"
boston_forsale_02111.csv,5999000,44,22,16320,1910,2111,"5,099,068"
boston_forsale_02111.csv,4975000,2,4,3246 ,2000,2111,"4,230,929"
boston_forsale_02111.csv,3400000,3,3.5,2707 ,1999,2111,"2,826,099"
boston_forsale_02111.csv,5495000,3,4.5,4200 ,1999,2111,"4,876,939"
boston_forsale_02111.csv,750000,2,2,1368 ,1900,2111,"618,663"
boston_forsale_02111.csv,1300000,1,1.5,2150 ,1880,2111,"705,955"
boston_forsale_02111.csv,685000,1,2,1368 ,1920,2111,"653,769"
boston_forsale_02111.csv,1000000,1,1,953,1900,2111,"488,472"
boston_forsale_02111.csv,600000,1,1,1091 ,1897,2111,"518,092"
boston_forsale_02111.csv,1000000,1,1,1299 ,1899,2111,"582,928"
boston_forsale_02113.csv,750000,1,1.5,912,1903,2113,0
boston_forsale_02113.csv,739000,2,2,1160 ,1920,2113,"609,867"
boston_forsale_02113.csv,1500000,2,2,1182 ,1986,2113,"945,768"
boston_forsale_02113.csv,379900,1,1,651,1850,2113,0
boston_forsale_02113.csv,899900,2,2,1689 ,1899,2113,"640,498"
boston_forsale_02113.csv,195000,1,1,339,1920,2113,"218,196"
boston_forsale_02113.csv,240000,1,1,356,1920,2113,"245,728"
boston_forsale_02113.csv,499500,2,1,812,1870,2113,"424,284"
boston_forsale_02113.csv,540000,2,1,855,1900,2113,"440,870"
boston_forsale_02113.csv,549000,2,1,722,1900,2113,"438,296"
boston_forsale_02113.csv,469000,1,1,1000 ,1870,2113,"469,461"
boston_forsale_02113.csv,488000,2,1,715,"<span class=""noicon contact-label track-ga-event"" data-ga-label=""Year Built"" data-ga-action=""Contact for details link"" data-ga-category=""Homes""><a class=""show-lightbox"" data-reason=""1"" href=""#contact-lightbox"">Contact for details</a></span>",2113,"454,281"
boston_forsale_02113.csv,599000,1,1,913,1899,2113,"559,212"
boston_forsale_02113.csv,489000,1,1,715,1910,2113,"421,832"
boston_forsale_02113.csv,2200,1,1,500,1920,2113,0
boston_forsale_02113.csv,479000,1,1,695,1910,2113,0
boston_forsale_02113.csv,215000,1,0,339,1920,2113,0
boston_forsale_02113.csv,724900,1,1,796,2005,2113,0
boston_forsale_02113.csv,329000,1,1,400,1890,2113,"274,613"
boston_forsale_02113.csv,360000,1,1,650,1900,2113,"353,777"
boston_forsale_02113.csv,259481,2,1,543,1920,2113,"259,481"
boston_forsale_02113.csv,469000,2,1,650,"<span class=""noicon contact-label track-ga-event"" data-ga-label=""Year Built"" data-ga-action=""Contact for details link"" data-ga-category=""Homes""><a class=""show-lightbox"" data-reason=""1"" href=""#contact-lightbox"">Contact for details</a></span>",2113,"421,069"
boston_forsale_02113.csv,950000,2,1.5,1518 ,1899,2113,"702,927"
boston_forsale_02113.csv,439000,2,1,715,1900,2113,"374,568"
boston_forsale_02113.csv,1199000,4,3,2272 ,1899,2113,"909,275"
boston_forsale_02113.csv,1199000,5,3,1512 ,1900,2113,"761,224"
boston_forsale_02113.csv,549500,2,1,840,1900,2113,"492,012"
boston_forsale_02113.csv,400000,1,1,417,1899,2113,"250,601"
boston_forsale_02114.csv,449000,1,1,833,1964,2114,"414,457"
boston_forsale_02114.csv,549000,1,1,750,1900,2114,0
boston_forsale_02114.csv,1324000,2,2,1488 ,1902,2114,"1,027,618"
boston_forsale_02114.csv,399000,1,1,350,1899,2114,"321,526"
boston_forsale_02114.csv,595000,2,2,1035 ,1899,2114,0
boston_forsale_02114.csv,849900,2,2,1350 ,1900,2114,"827,390"
boston_forsale_02114.csv,2799000,5,5,3867 ,1900,2114,"2,387,012"
boston_forsale_02114.csv,579000,2,2,860,1900,2114,"590,628"
boston_forsale_02114.csv,509000,2,1,700,1899,2114,"467,973"
boston_forsale_02114.csv,849000,2,2.5,1630 ,1880,2114,"853,809"
boston_forsale_02114.csv,899000,3,1,1020 ,1905,2114,0
boston_forsale_02114.csv,1299000,3,2,1470 ,1905,2114,"1,248,920"
boston_forsale_02114.csv,1199000,3,2,1468 ,2003,2114,"966,913"
boston_forsale_02114.csv,749000,2,2,990,1930,2114,0
boston_forsale_02114.csv,1395000,3,2.5,2048 ,1820,2114,"1,265,232"
boston_forsale_02114.csv,1395000,3,3,2048 ,1820,2114,"1,305,907"
boston_forsale_02114.csv,619000,1,1,987,2003,2114,"603,045"
boston_forsale_02114.csv,975000,2,2,1240 ,2002,2114,"888,985"
boston_forsale_02114.csv,365000,1,1,509,1899,2114,"323,785"
boston_forsale_02114.csv,299000,1,1,360,1899,2114,"237,233"
boston_forsale_02114.csv,625000,2,1,720,1935,2114,"486,617"
boston_forsale_02114.csv,675000,1,1,619,1890,2114,"442,853"
boston_forsale_02114.csv,1200000,3,2,1461 ,1860,2114,"964,889"
boston_forsale_02114.csv,479000,2,1,530,1920,2114,"398,739"
boston_forsale_02114.csv,420000,2,1,635,1890,2114,"440,216"
boston_forsale_02114.csv,549000,1,1,690,1850,2114,"403,353"
boston_forsale_02114.csv,1250000,3,2,1603 ,"<span class=""noicon contact-label track-ga-event"" data-ga-label=""Year Built"" data-ga-action=""Contact for details link"" data-ga-category=""Homes""><a class=""show-lightbox"" data-reason=""1"" href=""#contact-lightbox"">Contact for details</a></span>",2114,"780,074"
boston_forsale_02114.csv,500000,2,1,608,1930,2114,"401,482"
boston_forsale_02114.csv,550000,1,1,605,"<span class=""noicon contact-label track-ga-event"" data-ga-label=""Year Built"" data-ga-action=""Contact for details link"" data-ga-category=""Homes""><a class=""show-lightbox"" data-reason=""1"" href=""#contact-lightbox"">Contact for details</a></span>",2114,"412,704"
boston_forsale_02114.csv,440000,2,1,605,1899,2114,"373,467"
boston_forsale_02114.csv,852498,3,2.5,1350 ,1890,2114,"852,498"
boston_forsale_02115.csv,900000,2,2.5,1476 ,1890,2115,"770,422"
boston_forsale_02115.csv,1275000,2,2.5,1540 ,1900,2115,"1,221,920"
boston_forsale_02115.csv,1485000,2,1.5,1147 ,1890,2115,"964,986"
boston_forsale_02115.csv,359000,2,1,1125 ,1900,2115,"346,936"
boston_forsale_02115.csv,624000,2,1,743,1890,2115,"525,464"
boston_forsale_02115.csv,380000,1,1,488,1899,2115,"374,017"
boston_forsale_02115.csv,1225000,2,2,1442 ,1918,2115,0
boston_forsale_02115.csv,1250000,3,2.5,1856 ,1910,2115,0
boston_forsale_02115.csv,599000,2,1,784,1890,2115,0
boston_forsale_02115.csv,575000,1,1.5,1013 ,1886,2115,0
boston_forsale_02115.csv,1150000,2,2,1552 ,1895,2115,0
boston_forsale_02115.csv,437000,1,1,635,1920,2115,0
boston_forsale_02115.csv,1195000,2,2,1238 ,1900,2115,0
boston_forsale_02115.csv,715000,2,2,1152 ,1899,2115,0
boston_forsale_02115.csv,534976,2,1,1000 ,"<span class=""noicon contact-label track-ga-event"" data-ga-label=""Year Built"" data-ga-action=""Contact for details link"" data-ga-category=""Homes""><a class=""show-lightbox"" data-reason=""1"" href=""#contact-lightbox"">Contact for details</a></span>",2115,"500,617"
boston_forsale_02115.csv,900000,2,2.5,1476 ,1890,2115,"820,883"
boston_forsale_02115.csv,1350000,2,2,1419 ,1880,2115,"938,973"
boston_forsale_02115.csv,579000,2,1,967,1910,2115,"436,667"
boston_forsale_02115.csv,1685000,2,2.5,1732 ,1920,2115,"1,240,181"
boston_forsale_02115.csv,4000000,7,3.5,4440 ,1890,2115,"2,704,388"
boston_forsale_02115.csv,1850000,2,2.5,1665 ,1880,2115,"1,200,216"
boston_forsale_02115.csv,1485000,2,1.5,1147 ,1900,2115,"1,262,250"
boston_forsale_02115.csv,535000,2,1,610,"<span class=""noicon contact-label track-ga-event"" data-ga-label=""Year Built"" data-ga-action=""Contact for details link"" data-ga-category=""Homes""><a class=""show-lightbox"" data-reason=""1"" href=""#contact-lightbox"">Contact for details</a></span>",2115,"457,494"
boston_forsale_02115.csv,615000,2,0,950,1880,2115,0
boston_forsale_02115.csv,429000,2,1,892,1900,2115,"433,579"
boston_forsale_02115.csv,929000,2,1.5,1353 ,1891,2115,"862,834"
boston_forsale_02115.csv,900000,2,2.5,1476 ,1890,2115,"871,075"
boston_forsale_02115.csv,1599000,2,2,1626 ,1920,2115,"1,369,236"
boston_forsale_02115.csv,699000,2,1,840,1899,2115,0
boston_forsale_02115.csv,799000,1,1,870,1890,2115,"676,317"
boston_forsale_02115.csv,728888,1,1,851,1918,2115,"653,804"
boston_forsale_02115.csv,309999,1,1,425,1899,2115,"266,500"
boston_forsale_02115.csv,969000,3,2.5,1660 ,1890,2115,"887,260"
boston_forsale_02115.csv,710000,2,1.5,1126 ,1889,2115,"668,660"
boston_forsale_02115.csv,390000,1,1,480,1920,2115,"322,645"
boston_forsale_02115.csv,338600,2,1,1150 ,1880,2115,"335,609"
boston_forsale_02115.csv,309000,1,1,425,"<span class=""noicon contact-label track-ga-event"" data-ga-label=""Year Built"" data-ga-action=""Contact for details link"" data-ga-category=""Homes""><a class=""show-lightbox"" data-reason=""1"" href=""#contact-lightbox"">Contact for details</a></span>",2115,"347,576"
boston_forsale_02115.csv,1450000,3,2.5,1680 ,1890,2115,"1,332,982"
boston_forsale_02115.csv,1300000,2,2,1550 ,1882,2115,"1,002,529"
boston_forsale_02115.csv,10000000,3,2.5,2486 ,1880,2115,"1,916,510"
boston_forsale_02115.csv,1295000,3,2.5,1403 ,1860,2115,"1,130,315"
boston_forsale_02116.csv,1599000,2,2,1354 ,1960,2116,"1,356,747"
boston_forsale_02116.csv,3995000,4,4.5,4778 ,1899,2116,0
boston_forsale_02116.csv,475000,2,1,626,1910,2116,0
boston_forsale_02116.csv,2500000,4,4.5,3531 ,1867,2116,0
boston_forsale_02116.csv,1595000,3,2.5,2534 ,1890,2116,0
boston_forsale_02116.csv,839000,2,2,1016 ,1901,2116,0
boston_forsale_02116.csv,719000,2,1.5,1107 ,1996,2116,"728,831"
boston_forsale_02116.csv,1299000,3,2,1675 ,1873,2116,0
boston_forsale_02116.csv,1899000,3,2.5,2435 ,1880,2116,"1,749,780"
boston_forsale_02116.csv,825000,2,2,1010 ,1901,2116,0
boston_forsale_02116.csv,549000,1,1,700,1890,2116,0
boston_forsale_02116.csv,1270000,3,2,1578 ,2008,2116,0
boston_forsale_02116.csv,1465000,4,2.5,2022 ,1910,2116,0
boston_forsale_02116.csv,1995000,4,3,3127 ,1890,2116,0
boston_forsale_02116.csv,7995000,3,4.5,3950 ,1899,2116,0
boston_forsale_02116.csv,439000,1,1,596,1872,2116,0
boston_forsale_02116.csv,1200000,3,2.5,1664 ,1885,2116,0
boston_forsale_02116.csv,3595000,3,3,2761 ,1910,2116,0
boston_forsale_02116.csv,425000,1,1,600,1873,2116,"416,102"
boston_forsale_02116.csv,429000,1,1,772,1900,2116,0
boston_forsale_02116.csv,849000,1,1,1142 ,1865,2116,0
boston_forsale_02116.csv,600000,2,1,856,1890,2116,0
boston_forsale_02116.csv,498000,1,1,585,1890,2116,"473,407"
boston_forsale_02116.csv,849000,2,2,1219 ,1905,2116,"908,750"
boston_forsale_02116.csv,2025000,2,2.5,1768 ,1871,2116,0
boston_forsale_02116.csv,1100000,3,2,1460 ,1910,2116,0
boston_forsale_02116.csv,629000,1,1,833,1927,2116,0
boston_forsale_02116.csv,879000,1,1,798,1880,2116,0
boston_forsale_02116.csv,2850000,4,3.5,3800 ,1890,2116,0
boston_forsale_02116.csv,1299000,2,2.5,1510 ,1985,2116,0
boston_forsale_02116.csv,3495000,5,3.5,3500 ,1890,2116,0
boston_forsale_02116.csv,8500000,8,9,10500,1881,2116,0
boston_forsale_02116.csv,995000,2,2,1310 ,1985,2116,0
boston_forsale_02116.csv,499000,1,1,670,1890,2116,"455,168"
boston_forsale_02116.csv,2950000,2,2,1932 ,1988,2116,"3,035,299"
boston_forsale_02116.csv,3295000,3,4,3376 ,1873,2116,"2,815,128"
boston_forsale_02116.csv,1695000,2,2,1286 ,2010,2116,"1,177,221"
boston_forsale_02116.csv,439000,1,1,610,1910,2116,"388,837"
boston_forsale_02116.csv,1210000,2,2,1528 ,2004,2116,"1,202,709"
boston_forsale_02116.csv,1899000,2,2,1315 ,1910,2116,"1,249,751"
boston_forsale_02116.csv,2350000,3,2.5,2466 ,1899,2116,"2,350,087"
boston_forsale_02116.csv,1495000,4,4,2023 ,1899,2116,"1,492,144"
boston_forsale_02116.csv,499000,1,1,585,1860,2116,"444,094"
boston_forsale_02116.csv,1475000,2,2.5,1715 ,2004,2116,"1,405,733"
boston_forsale_02116.csv,679000,2,1,741,1880,2116,"534,038"
boston_forsale_02116.csv,469900,1,1,563,1910,2116,"413,260"
boston_forsale_02116.csv,1595000,1,2,1393 ,2009,2116,"1,281,731"
boston_forsale_02116.csv,3595000,3,3,2227 ,1884,2116,0
boston_forsale_02116.csv,1695000,3,3,1699 ,2004,2116,"1,810,550"
boston_forsale_02116.csv,3595000,3,2.5,2227 ,1884,2116,"2,386,226"
boston_forsale_02116.csv,2450000,2,2.5,1514 ,2009,2116,"1,945,743"
boston_forsale_02116.csv,7900000,6,4.5,5586 ,1865,2116,"4,279,724"
boston_forsale_02116.csv,399000,1,1,720,1910,2116,0
boston_forsale_02116.csv,7200000,4,4.5,4856 ,1860,2116,"4,533,607"
boston_forsale_02116.csv,3400,2,1,763,"<span class=""noicon contact-label track-ga-event"" data-ga-label=""Year Built"" data-ga-action=""Contact for details link"" data-ga-category=""Homes""><a class=""show-lightbox"" data-reason=""1"" href=""#contact-lightbox"">Contact for details</a></span>",2116,0
boston_forsale_02116.csv,1250000,2,2.5,1427 ,1890,2116,"893,204"
boston_forsale_02116.csv,649000,1,1,688,1869,2116,"520,592"
boston_forsale_02116.csv,1950000,3,3,1874 ,2004,2116,0
boston_forsale_02116.csv,619000,1,1.5,733,1890,2116,"551,127"
boston_forsale_02116.csv,629000,1,1,845,1859,2116,"548,630"
boston_forsale_02116.csv,8900000,6,6.5,7599 ,1899,2116,"6,035,135"
boston_forsale_02116.csv,519000,1,1,433,1999,2116,"418,073"
boston_forsale_02116.csv,1960000,2,2.5,1794 ,2009,2116,"1,475,574"
boston_forsale_02116.csv,1599000,2,2,1354 ,1960,2116,"1,400,832"
boston_forsale_02116.csv,659000,1,1,725,2004,2116,"567,531"
boston_forsale_02116.csv,349000,1,1,401,1950,2116,"376,618"
boston_forsale_02116.csv,539000,1,1,709,1885,2116,"504,231"
boston_forsale_02116.csv,5750000,4,5,5000 ,1870,2116,"4,887,499"
boston_forsale_02116.csv,3125000,3,2.5,2500 ,2013,2116,"2,656,249"
boston_forsale_02116.csv,945000,2,2,1200 ,1885,2116,"933,581"
boston_forsale_02116.csv,695000,1,1,879,1899,2116,"630,597"
boston_forsale_02116.csv,6250000,3,4,3319 ,Unknown,2116,0
boston_forsale_02116.csv,6250000,3,3.5,3319 ,1910,2116,"5,376,864"
boston_forsale_02116.csv,949000,2,3,1303 ,Unknown,2116,0
boston_forsale_02116.csv,929000,2,2.5,1303 ,1899,2116,"894,580"
boston_forsale_02116.csv,1190000,2,2,1324 ,2008,2116,"1,075,722"
boston_forsale_02116.csv,795000,2,1.5,1106 ,1910,2116,"778,165"
boston_forsale_02116.csv,3950000,3,2.5,3656 ,1899,2116,"3,742,420"
boston_forsale_02116.csv,5500000,5,3.5,3737 ,1962,2116,"4,674,999"
boston_forsale_02116.csv,699000,1,2,1435 ,1890,2116,0
boston_forsale_02116.csv,1598000,2,2.5,1496 ,2004,2116,"1,385,984"
boston_forsale_02116.csv,1550000,3,3,1699 ,2004,2116,"1,703,758"
boston_forsale_02116.csv,749000,1,1,864,2008,2116,"655,745"
boston_forsale_02116.csv,5499000,4,4,4760 ,1899,2116,"4,866,718"
boston_forsale_02116.csv,5125000,3,0,4100 ,2012,2116,"3,824,598"
boston_forsale_02116.csv,3875000,3,0,3100 ,2012,2116,"2,947,429"
boston_forsale_02116.csv,5125000,3,0,4100 ,2012,2116,"3,824,598"
boston_forsale_02116.csv,5025000,3,0,4020 ,2012,2116,"3,753,237"
boston_forsale_02116.csv,347000,1,1,401,1925,2116,"339,673"
boston_forsale_02116.csv,8500000,7,6.5,8088 ,"<span class=""noicon contact-label track-ga-event"" data-ga-label=""Year Built"" data-ga-action=""Contact for details link"" data-ga-category=""Homes""><a class=""show-lightbox"" data-reason=""1"" href=""#contact-lightbox"">Contact for details</a></span>",2116,"1,633,202"
boston_forsale_02116.csv,2150000,3,3,2075 ,1930,2116,"1,832,179"
boston_forsale_02116.csv,829000,1,2,944,2004,2116,0
boston_forsale_02116.csv,2200000,2,2.5,2153 ,1860,2116,"1,879,002"
boston_forsale_02116.csv,1750000,2,2.5,1872 ,2009,2116,"1,530,327"
boston_forsale_02116.csv,2550000,3,3,2375 ,1900,2116,0
boston_forsale_02116.csv,995000,3,3,2030 ,1985,2116,"972,633"
boston_forsale_02116.csv,3450000,4,2.5,3240 ,1927,2116,"2,989,765"
boston_forsale_02116.csv,15500000,11,14,15000,1883,2116,0
boston_forsale_02116.csv,2045000,2,2.5,1715 ,2009,2116,"1,777,269"
boston_forsale_02116.csv,11750000,10,7.5,11118,1905,2116,"10,002,309"
boston_forsale_02116.csv,1440000,2,2,1571 ,2004,2116,"1,381,026"
boston_forsale_02116.csv,359500,1,1,510,1900,2116,"340,315"
boston_forsale_02116.csv,4057687,3,4,6032 ,1890,2116,"4,057,687"
boston_forsale_02116.csv,600000,2,1,612,1905,2116,"440,110"
boston_forsale_02116.csv,1600000,2,2,1618 ,1880,2116,"774,953"
boston_forsale_02116.csv,2550000,4,4.5,3025 ,1900,2116,"2,360,644"
boston_forsale_02116.csv,985000,2,2.5,1450 ,1920,2116,"927,210"
boston_forsale_02116.csv,380000,1,1,666,1900,2116,"354,394"
boston_forsale_02116.csv,1700000,2,1.5,1460 ,1899,2116,"1,084,916"
boston_forsale_02116.csv,369000,1,1,468,"<span class=""noicon contact-label track-ga-event"" data-ga-label=""Year Built"" data-ga-action=""Contact for details link"" data-ga-category=""Homes""><a class=""show-lightbox"" data-reason=""1"" href=""#contact-lightbox"">Contact for details</a></span>",2116,"401,224"
boston_forsale_02116.csv,1350000,2,1.5,1292 ,1890,2116,"924,325"
boston_forsale_02116.csv,950000,2,1,1053 ,1884,2116,"780,528"
boston_forsale_02116.csv,1500000,4,2,2160 ,1860,2116,"1,182,096"
boston_forsale_02116.csv,625000,2,1,825,1865,2116,"577,600"
boston_forsale_02116.csv,1120000,2,1,1065 ,1875,2116,"584,787"
boston_forsale_02116.csv,859000,2,1.5,1252 ,1890,2116,"797,020"
boston_forsale_02116.csv,410000,1,1,672,1890,2116,"473,054"
boston_forsale_02116.csv,2500000,7,4,3170 ,1900,2116,"2,050,986"
boston_forsale_02118.csv,546000,2,1,792,1920,2118,0
boston_forsale_02118.csv,774000,2,2.5,1490 ,1900,2118,"710,981"
boston_forsale_02118.csv,1175000,2,2.5,1501 ,1890,2118,0
boston_forsale_02118.csv,879000,2,2,1468 ,1999,2118,"1,002,458"
boston_forsale_02118.csv,1100000,2,3,1425 ,1910,2118,"1,084,065"
boston_forsale_02118.csv,1095000,3,2,1800 ,1900,2118,0
boston_forsale_02118.csv,899000,2,2.5,2046 ,1910,2118,0
boston_forsale_02118.csv,410000,1,1,579,1912,2118,0
boston_forsale_02118.csv,1585000,3,2.5,1745 ,1875,2118,0
boston_forsale_02118.csv,1375000,3,2.5,2000 ,1910,2118,0
boston_forsale_02118.csv,929000,2,2,1801 ,1914,2118,0
boston_forsale_02118.csv,459000,1,1,1018 ,1899,2118,"365,062"
boston_forsale_02118.csv,1345000,2,2.5,1958 ,1900,2118,0
boston_forsale_02118.csv,735000,2,2,975,1935,2118,0
boston_forsale_02118.csv,385000,2,1.5,1120 ,2000,2118,0
boston_forsale_02118.csv,1249000,3,3,1870 ,2002,2118,"1,218,926"
boston_forsale_02118.csv,1950000,3,3.5,2167 ,1890,2118,0
boston_forsale_02118.csv,194890,2,1,1127 ,2000,2118,0
boston_forsale_02118.csv,1675000,3,2.5,1975 ,1890,2118,0
boston_forsale_02118.csv,799000,2,3,2316 ,1855,2118,"837,815"
boston_forsale_02118.csv,1900000,11,4,5768 ,1890,2118,0
boston_forsale_02118.csv,619000,2,2,1043 ,2001,2118,0
boston_forsale_02118.csv,429000,1,1,661,1945,2118,"358,500"
boston_forsale_02118.csv,2900000,3,3.5,3476 ,1880,2118,0
boston_forsale_02118.csv,369000,1,1,612,1890,2118,"366,042"
boston_forsale_02118.csv,399000,2,1,695,1885,2118,"377,823"
boston_forsale_02118.csv,449000,1,1,750,1900,2118,"385,498"
boston_forsale_02118.csv,1395000,3,2.5,1680 ,1910,2118,"1,094,848"
boston_forsale_02118.csv,1269000,3,2.5,2078 ,1860,2118,"1,362,960"
boston_forsale_02118.csv,499000,2,1,866,1899,2118,"444,842"
boston_forsale_02118.csv,479000,1,1,733,2006,2118,"443,860"
boston_forsale_02118.csv,639000,2,1,700,1875,2118,"495,658"
boston_forsale_02118.csv,449000,1,1,770,1899,2118,"403,650"
boston_forsale_02118.csv,785000,2,2,1326 ,1890,2118,"765,639"
boston_forsale_02118.csv,879000,2,2,1468 ,1999,2118,"919,110"
boston_forsale_02118.csv,1595000,3,2.5,1931 ,1899,2118,"1,421,808"
boston_forsale_02118.csv,699000,1,1,1286 ,2004,2118,"679,255"
boston_forsale_02118.csv,1395000,2,2.5,1742 ,1886,2118,"1,210,245"
boston_forsale_02118.csv,2000000,4,4,3800 ,1875,2118,"1,916,388"
boston_forsale_02118.csv,309000,1,1,409,1910,2118,"235,493"
boston_forsale_02118.csv,769900,2,1.5,1380 ,1860,2118,"541,806"
boston_forsale_02118.csv,529900,2,1,1045 ,1912,2118,"529,403"
boston_forsale_02118.csv,2000,Un,0,496,2006,2118,"429,053"
boston_forsale_02118.csv,559000,2,1,1078 ,1890,2118,"490,046"
boston_forsale_02118.csv,599000,1,2,1012 ,1858,2118,"600,807"
boston_forsale_02118.csv,369000,1,1,561,1900,2118,"326,850"
boston_forsale_02118.csv,2450000,4,2.5,3370 ,1867,2118,"2,246,134"
boston_forsale_02118.csv,549000,2,1,896,2002,2118,"712,952"
boston_forsale_02118.csv,549000,2,1.5,907,1900,2118,"520,060"
boston_forsale_02118.csv,629000,2,1,814,1890,2118,0
boston_forsale_02118.csv,600000,1,1,744,1890,2118,"466,588"
boston_forsale_02118.csv,2995000,3,3,3443 ,Unknown,2118,0
boston_forsale_02118.csv,2995000,3,3,3443 ,2010,2118,"2,545,750"
boston_forsale_02118.csv,895000,2,2,1468 ,2004,2118,"834,907"
boston_forsale_02118.csv,435000,1,1,560,1899,2118,"394,909"
boston_forsale_02118.csv,750000,2,1.5,917,2006,2118,"628,635"
boston_forsale_02118.csv,329000,1,1,402,1900,2118,0
boston_forsale_02118.csv,480000,2,1,759,1899,2118,"431,423"
boston_forsale_02118.csv,263000,2,1,1082 ,1900,2118,"296,871"
boston_forsale_02118.csv,899900,2,2.5,1400 ,1900,2118,"1,011,641"
boston_forsale_02118.csv,1050000,2,2.5,1291 ,1870,2118,"1,033,599"
boston_forsale_02118.csv,4950000,5,4.5,5800 ,1856,2118,"4,104,650"
boston_forsale_02118.csv,3500000,4,5,3771 ,1860,2118,0
boston_forsale_02118.csv,849000,3,2,1987 ,1862,2118,"850,867"
boston_forsale_02118.csv,726324,2,2,1216 ,2004,2118,"726,324"
boston_forsale_02118.csv,799999,2,2,1574 ,1899,2118,"820,382"
boston_forsale_02118.csv,695000,2,1,1057 ,1857,2118,"801,294"
boston_forsale_02118.csv,800000,2,2,1254 ,1900,2118,"700,465"
boston_forsale_02118.csv,545000,1,1,740,1890,2118,"468,314"
boston_forsale_02118.csv,700000,2,1,1151 ,1900,2118,"674,417"
boston_forsale_02118.csv,392858,1,1,886,2006,2118,"392,858"
boston_forsale_02118.csv,340635,1,1,833,1899,2118,"340,635"
boston_forsale_02118.csv,749000,2,2,1109 ,2000,2118,0
boston_forsale_02118.csv,629000,2,1,1083 ,2006,2118,0
boston_forsale_02118.csv,599000,3,1,1073 ,1910,2118,0
boston_forsale_02118.csv,549000,1,1,950,1900,2118,0
boston_forsale_02118.csv,2390000,3,1.5,2612 ,2013,2118,"2,036,208"
boston_forsale_02118.csv,1100000,2,2.5,1403 ,2013,2118,"1,079,810"
boston_forsale_02118.csv,2390000,3,3.5,2612 ,2013,2118,"2,168,772"
boston_forsale_02118.csv,2390000,3,2,2612 ,2013,2118,"1,131,949"
boston_forsale_02118.csv,1100000,2,2,1400 ,1859,2118,"932,015"
boston_forsale_02118.csv,725000,2,1.5,1106 ,1890,2118,"621,370"
boston_forsale_02118.csv,1300000,3,2,2086 ,1999,2118,"1,001,179"
boston_forsale_02118.csv,575000,2,2,1140 ,1900,2118,"593,338"
boston_forsale_02118.csv,395000,1,1,624,1910,2118,"374,556"
boston_forsale_02118.csv,900000,2,1.5,1420 ,1860,2118,"782,332"
boston_forsale_02118.csv,299000,1,1,420,1920,2118,"293,610"
boston_forsale_02118.csv,299400,1,1,397,1899,2118,"237,150"
boston_forsale_02118.csv,900000,2,2,1388 ,1914,2118,"749,441"
boston_forsale_02118.csv,815000,3,2,1330 ,1899,2118,"749,754"
boston_forsale_02118.csv,850000,3,2,1485 ,1899,2118,"776,559"
boston_forsale_02118.csv,499000,1,1,1000 ,"<span class=""noicon contact-label track-ga-event"" data-ga-label=""Year Built"" data-ga-action=""Contact for details link"" data-ga-category=""Homes""><a class=""show-lightbox"" data-reason=""1"" href=""#contact-lightbox"">Contact for details</a></span>",2118,"792,079"
boston_forsale_02118.csv,855440,4,3,1843 ,1900,2118,"855,440"
boston_forsale_02119.csv,299000,3,3.5,1856 ,1885,2119,0
boston_forsale_02119.csv,369000,3,2,1800 ,2010,2119,"332,295"
boston_forsale_02119.csv,459000,11,3,3000 ,1905,2119,"359,692"
boston_forsale_02119.csv,489000,6,2,3000 ,1910,2119,"292,471"
boston_forsale_02119.csv,589000,8,3,4407 ,1905,2119,"426,609"
boston_forsale_02119.csv,369000,4,3,2591 ,1890,2119,"303,938"
boston_forsale_02119.csv,660000,11,6,5578 ,1900,2119,"628,895"
boston_forsale_02119.csv,340000,3,1,1200 ,1880,2119,"255,576"
boston_forsale_02119.csv,185000,4,1,1281 ,1905,2119,"192,048"
boston_forsale_02119.csv,235000,2,1,953,1900,2119,"213,765"
boston_forsale_02119.csv,339000,3,1.5,1537 ,1860,2119,"298,264"
boston_forsale_02119.csv,225000,3,2,1800 ,1899,2119,"224,644"
boston_forsale_02119.csv,219000,2,1,99999,1900,2119,"202,873"
boston_forsale_02119.csv,239000,3,1,1530 ,1905,2119,"238,543"
boston_forsale_02119.csv,525900,4,3.5,3000 ,1860,2119,"398,654"
boston_forsale_02119.csv,299000,3,2.5,1300 ,2005,2119,"286,049"
boston_forsale_02119.csv,479000,4,3,1981 ,1905,2119,"382,035"
boston_forsale_02119.csv,389900,9,3,5640 ,1935,2119,"398,879"
boston_forsale_02119.csv,299900,6,2,3047 ,1920,2119,"329,971"
boston_forsale_02119.csv,379000,10,5,4000 ,1920,2119,0
boston_forsale_02119.csv,179000,4,2,1946 ,1900,2119,0
boston_forsale_02119.csv,239900,4,2,1953 ,1900,2119,0
boston_forsale_02119.csv,1149000,10,6,6200 ,1860,2119,"886,694"
boston_forsale_02119.csv,249000,2,1,1150 ,1860,2119,"229,424"
boston_forsale_02119.csv,349000,3,1.5,1621 ,1860,2119,"309,047"
boston_forsale_02119.csv,535000,3,2,1480 ,2012,2119,"443,389"
boston_forsale_02119.csv,535000,3,2,1480 ,2012,2119,"443,389"
boston_forsale_02119.csv,225000,6,2,3047 ,1920,2119,"328,852"
boston_forsale_02119.csv,274900,3,1.5,2103 ,2004,2119,"285,329"
boston_forsale_02119.csv,625000,4,2,3246 ,1905,2119,"308,400"
boston_forsale_02119.csv,99900,3,2,1430 ,1906,2119,0
boston_forsale_02119.csv,240000,1,1,700,1890,2119,"244,849"
boston_forsale_02119.csv,305000,2,1.5,1264 ,1915,2119,"249,444"
boston_forsale_02119.csv,217845,5,3,2310 ,1900,2119,"217,845"
boston_forsale_02119.csv,323417,3,3,3416 ,1900,2119,"323,417"
boston_forsale_02119.csv,475000,3,2.5,2100 ,2005,2119,"322,892"
boston_forsale_02119.csv,320000,2,1,545,1920,2119,"178,321"
boston_forsale_02119.csv,325000,2,1.5,1361 ,1900,2119,"230,342"
boston_forsale_02119.csv,210399,4,2,3575 ,1890,2119,"210,399"
boston_forsale_02119.csv,226926,4,2.5,2683 ,1895,2119,"226,926"
boston_forsale_02119.csv,139895,3,1.5,1085 ,1989,2119,"139,895"
boston_forsale_02119.csv,156249,2,1,1207 ,1989,2119,"156,249"
boston_forsale_02119.csv,206599,4,1.5,2160 ,1900,2119,"206,599"
boston_forsale_02119.csv,263259,4,1.5,4298 ,1900,2119,"263,259"
boston_forsale_02119.csv,142045,2,1.5,1235 ,1988,2119,"142,045"
boston_forsale_02119.csv,180514,3,2.5,1272 ,1900,2119,"180,514"
boston_forsale_02120.csv,1490000,12,6,3540 ,1900,2120,"590,421"
boston_forsale_02121.csv,1200000,18,9,7440 ,1890,2121,"1,097,135"
boston_forsale_02121.csv,119900,2,1,1180 ,1875,2121,"272,475"
boston_forsale_02121.csv,535000,11,5.5,5028 ,1905,2121,"526,761"
boston_forsale_02121.csv,320000,7,3,4674 ,1925,2121,"345,602"
boston_forsale_02121.csv,379900,10,3,4063 ,1900,2121,"281,548"
boston_forsale_02121.csv,235000,3,1,1014 ,1900,2121,0
boston_forsale_02121.csv,225000,3,2,1381 ,1993,2121,"210,409"
boston_forsale_02121.csv,600000,8,4,4613 ,1900,2121,"609,098"
boston_forsale_02121.csv,243000,3,3,1966 ,2001,2121,"255,149"
boston_forsale_02121.csv,240000,5,2,2202 ,1899,2121,"260,254"
boston_forsale_02121.csv,778000,10,5,5930 ,1920,2121,"719,931"
boston_forsale_02121.csv,589000,11,5,4550 ,1905,2121,"576,465"
boston_forsale_02121.csv,589000,11,5,4541 ,1905,2121,"558,823"
boston_forsale_02121.csv,525000,7,3.5,2905 ,1895,2121,"485,908"
boston_forsale_02121.csv,220000,6,3,3033 ,1920,2121,0
boston_forsale_02121.csv,293352,12,3,3906 ,1920,2121,"293,352"
boston_forsale_02121.csv,265389,6,3,3494 ,1910,2121,"265,389"
boston_forsale_02121.csv,182472,4,2,2449 ,1910,2121,"182,472"
boston_forsale_02121.csv,420000,3,2,1680 ,2003,2121,"285,405"
boston_forsale_02121.csv,186361,6,1.5,2077 ,1910,2121,"186,361"
boston_forsale_02121.csv,246193,6,2,3441 ,1903,2121,"246,193"
boston_forsale_02122.csv,175000,2,1,1106 ,1876,2122,"212,488"
boston_forsale_02122.csv,499000,3,3,2707 ,1899,2122,0
boston_forsale_02122.csv,850000,12,8,7458 ,1905,2122,0
boston_forsale_02122.csv,185000,2,2,1248 ,1940,2122,0
boston_forsale_02122.csv,179900,2,1,1425 ,1901,2122,"171,457"
boston_forsale_02122.csv,279900,2,1,978,1905,2122,"219,484"
boston_forsale_02122.csv,339900,3,2,1331 ,1915,2122,"231,000"
boston_forsale_02122.csv,419000,2,2,1272 ,2012,2122,"388,715"
boston_forsale_02122.csv,419000,2,2,1272 ,2012,2122,"388,715"
boston_forsale_02122.csv,429000,3,3,2100 ,2013,2122,"421,040"
boston_forsale_02122.csv,449000,3,3,2100 ,2013,2122,"421,040"
boston_forsale_02122.csv,389000,2,2,1275 ,2013,2122,"374,017"
boston_forsale_02122.csv,325000,2,2,1230 ,1885,2122,"264,064"
boston_forsale_02122.csv,329900,3,2,1440 ,1900,2122,"295,287"
boston_forsale_02122.csv,559000,4,2,2638 ,1926,2122,"450,863"
boston_forsale_02122.csv,275000,2,1,912,1905,2122,"212,990"
boston_forsale_02122.csv,205000,1,1,780,1874,2122,"201,469"
boston_forsale_02122.csv,399000,2,2.5,2111 ,2006,2122,"388,388"
boston_forsale_02122.csv,199900,2,1,810,1920,2122,"152,919"
boston_forsale_02122.csv,275000,4,4,1932 ,1900,2122,0
boston_forsale_02122.csv,78500,1,1,610,1962,2122,"115,110"
boston_forsale_02122.csv,79900,2,1,660,1935,2122,"83,895"
boston_forsale_02122.csv,399000,2,2,1272 ,2013,2122,"355,148"
boston_forsale_02122.csv,389000,9,3,4071 ,1905,2122,0
boston_forsale_02122.csv,289000,2,2,1084 ,1905,2122,"261,903"
boston_forsale_02122.csv,219000,2,1,779,1965,2122,"181,696"
boston_forsale_02122.csv,439900,9,3,3639 ,1905,2122,"399,291"
boston_forsale_02122.csv,269000,2,1,1110 ,1905,2122,"245,999"
boston_forsale_02122.csv,359000,2,2.5,1184 ,2004,2122,"313,179"
boston_forsale_02122.csv,212000,2,1.5,1265 ,1987,2122,"214,234"
boston_forsale_02122.csv,149900,2,1.5,1038 ,1905,2122,"177,241"
boston_forsale_02122.csv,149900,2,1.5,1038 ,1905,2122,"177,883"
boston_forsale_02122.csv,260000,9,3,3966 ,1905,2122,"363,345"
boston_forsale_02122.csv,99900,3,1,1329 ,1905,2122,"108,693"
boston_forsale_02122.csv,299900,2,2,1492 ,2004,2122,0
boston_forsale_02122.csv,129000,1,1,620,1965,2122,"134,606"
boston_forsale_02122.csv,799000,6,3.5,5076 ,1892,2122,"681,495"
boston_forsale_02122.csv,169800,2,1,715,1960,2122,"172,533"
boston_forsale_02122.csv,129900,1,1,603,1960,2122,"136,377"
boston_forsale_02122.csv,465000,4,2,1994 ,1924,2122,"378,168"
boston_forsale_02122.csv,449900,9,3,3231 ,1905,2122,"448,802"
boston_forsale_02122.csv,250000,2,1,881,1905,2122,"236,646"
boston_forsale_02122.csv,615000,6,3,3534 ,1905,2122,"439,296"
boston_forsale_02122.csv,499900,6,3.5,3131 ,1905,2122,"426,614"
boston_forsale_02122.csv,335440,4,2,2116 ,1928,2122,"335,440"
boston_forsale_02122.csv,310666,6,2.5,3192 ,1900,2122,"310,666"
boston_forsale_02122.csv,286077,5,2,1667 ,1900,2122,"286,077"
boston_forsale_02122.csv,399000,5,2,2065 ,2005,2122,"370,025"
boston_forsale_02122.csv,180000,2,1,955,1905,2122,"152,751"
boston_forsale_02122.csv,350000,2,2,1243 ,1988,2122,"308,273"
boston_forsale_02122.csv,495000,4,2,2242 ,1910,2122,"431,038"
boston_forsale_02122.csv,250000,2,1,946,1905,2122,"183,124"
boston_forsale_02122.csv,250000,2,1,1212 ,1900,2122,"225,763"
boston_forsale_02122.csv,340000,3,1,1334 ,1900,2122,"269,685"
boston_forsale_02122.csv,600000,10,4,3217 ,1900,2122,"390,988"
boston_forsale_02122.csv,329000,3,2,1657 ,2005,2122,"261,056"
boston_forsale_02122.csv,179694,2,1.5,1038 ,1905,2122,"179,694"
boston_forsale_02124.csv,250000,6,3,2889 ,1925,2124,0
boston_forsale_02124.csv,299900,6,3,1911 ,1920,2124,"295,904"
boston_forsale_02124.csv,549999,2,2,1441 ,1900,2124,0
boston_forsale_02124.csv,639000,3,2.5,2184 ,1900,2124,0
boston_forsale_02124.csv,479000,9,3,4107 ,"<span class=""noicon contact-label track-ga-event"" data-ga-label=""Year Built"" data-ga-action=""Contact for details link"" data-ga-category=""Homes""><a class=""show-lightbox"" data-reason=""1"" href=""#contact-lightbox"">Contact for details</a></span>",2124,"453,863"
boston_forsale_02124.csv,309900,6,2,2224 ,1890,2124,"300,714"
boston_forsale_02124.csv,269000,2,1,930,2006,2124,"268,451"
boston_forsale_02124.csv,269000,2,1,955,2008,2124,"271,731"
boston_forsale_02124.csv,259000,2,1,910,2008,2124,"241,399"
boston_forsale_02124.csv,250000,4,3,1398 ,1935,2124,"285,850"
boston_forsale_02124.csv,800000,12,6,6579 ,1899,2124,"692,692"
boston_forsale_02124.csv,195000,3,1.5,1337 ,1910,2124,"204,093"
boston_forsale_02124.csv,104999,2,1,696,1910,2124,"108,470"
boston_forsale_02124.csv,239000,3,1.5,2009 ,1893,2124,"240,854"
boston_forsale_02124.csv,359900,5,3,2287 ,1905,2124,"326,048"
boston_forsale_02124.csv,399000,4,2.5,1900 ,1900,2124,"350,597"
boston_forsale_02124.csv,290000,1,1,802,1900,2124,"208,321"
boston_forsale_02124.csv,575000,6,3.5,3396 ,1920,2124,"414,112"
boston_forsale_02124.csv,141393,3,1,1144 ,1900,2124,"141,393"
boston_forsale_02124.csv,242614,4,2,2714 ,1920,2124,"242,614"
boston_forsale_02124.csv,292347,9,3,3949 ,1910,2124,"292,347"
boston_forsale_02124.csv,290508,6,3,3960 ,1890,2124,"290,508"
boston_forsale_02124.csv,224463,6,2,2409 ,1885,2124,"224,463"
boston_forsale_02124.csv,267787,3,1.5,1800 ,1984,2124,"267,787"
boston_forsale_02124.csv,310360,6,3,3306 ,1910,2124,"310,360"
boston_forsale_02125.csv,410000,2,2,1400 ,1899,2125,0
boston_forsale_02125.csv,299900,2,1,1225 ,1900,2125,0
boston_forsale_02125.csv,299900,2,1,1225 ,1900,2125,0
boston_forsale_02125.csv,239000,2,1,768,2006,2125,0
boston_forsale_02125.csv,249900,2,2,815,1905,2125,"247,157"
boston_forsale_02125.csv,359000,2,2.5,1500 ,2013,2125,0
boston_forsale_02125.csv,359000,2,2.5,1500 ,2013,2125,0
boston_forsale_02125.csv,249000,2,1,915,1910,2125,"221,855"
boston_forsale_02125.csv,149900,2,1,991,1900,2125,"159,035"
boston_forsale_02125.csv,389000,2,2,1088 ,2006,2125,"322,963"
boston_forsale_02125.csv,289900,3,1,1152 ,1905,2125,"245,174"
boston_forsale_02125.csv,659000,5,4,4212 ,1910,2125,"616,739"
boston_forsale_02125.csv,479000,6,3,3405 ,1905,2125,"412,241"
boston_forsale_02125.csv,314900,2,2,1906 ,1860,2125,"337,207"
boston_forsale_02125.csv,415000,3,1.5,1304 ,2002,2125,"332,968"
boston_forsale_02125.csv,269000,2,1,1230 ,1900,2125,"264,451"
boston_forsale_02125.csv,359000,3,2,1953 ,1895,2125,"344,497"
boston_forsale_02125.csv,279900,2,1,1000 ,1905,2125,"261,013"
boston_forsale_02125.csv,149500,4,2,2532 ,1910,2125,"334,552"
boston_forsale_02125.csv,319000,2,1.5,946,2004,2125,"311,391"
boston_forsale_02125.csv,260000,3,2.5,1710 ,1914,2125,"254,760"
boston_forsale_02125.csv,330000,6,3,4422 ,1905,2125,"331,729"
boston_forsale_02125.csv,439000,3,2.5,1862 ,1910,2125,"401,638"
boston_forsale_02125.csv,620000,3,2.5,2322 ,2002,2125,"531,306"
boston_forsale_02125.csv,255900,3,2,1040 ,"<span class=""noicon contact-label track-ga-event"" data-ga-label=""Year Built"" data-ga-action=""Contact for details link"" data-ga-category=""Homes""><a class=""show-lightbox"" data-reason=""1"" href=""#contact-lightbox"">Contact for details</a></span>",2125,"272,914"
boston_forsale_02125.csv,469000,11,3,3678 ,1905,2125,"418,010"
boston_forsale_02125.csv,279000,2,1,889,2012,2125,"272,106"
boston_forsale_02125.csv,475000,10,3.5,5398 ,1900,2125,"472,122"
boston_forsale_02125.csv,319000,6,2,2928 ,"<span class=""noicon contact-label track-ga-event"" data-ga-label=""Year Built"" data-ga-action=""Contact for details link"" data-ga-category=""Homes""><a class=""show-lightbox"" data-reason=""1"" href=""#contact-lightbox"">Contact for details</a></span>",2125,"330,650"
boston_forsale_02125.csv,339000,3,2.5,1237 ,2004,2125,"302,543"
boston_forsale_02125.csv,139000,1,1,509,1900,2125,"163,416"
boston_forsale_02125.csv,169000,2,1,694,1900,2125,"169,983"
boston_forsale_02125.csv,255000,2,1,909,1905,2125,"245,505"
boston_forsale_02125.csv,330000,3,1,1100 ,1900,2125,"275,371"
boston_forsale_02125.csv,600000,6,3,3125 ,1880,2125,"479,028"
boston_forsale_02125.csv,365000,2,2,1277 ,2003,2125,"276,378"
boston_forsale_02125.csv,128925,2,1,792,1920,2125,"128,925"
boston_forsale_02125.csv,159452,2,1,976,1905,2125,"159,452"
boston_forsale_02125.csv,319576,9,4.5,3528 ,1915,2125,"319,576"
boston_forsale_02125.csv,217345,5,2,2409 ,1900,2125,"217,345"
boston_forsale_02125.csv,235000,2,1,706,1900,2125,"217,821"
boston_forsale_02125.csv,225000,2,1,1150 ,1900,2125,"298,667"
boston_forsale_02125.csv,122000,2,1,976,1905,2125,"128,099"
boston_forsale_02125.csv,329900,2,2,1025 ,1905,2125,"274,592"
boston_forsale_02125.csv,500000,9,3,4125 ,1905,2125,"487,929"
boston_forsale_02125.csv,295000,2,2,964,1905,2125,"268,775"
boston_forsale_02125.csv,700000,7,3.5,2742 ,1880,2125,"400,012"
boston_forsale_02125.csv,749000,5,2.5,2059 ,1910,2125,"521,232"
boston_forsale_02125.csv,320000,6,1.75,4008 ,1910,2125,"322,590"
boston_forsale_02125.csv,309000,2,1,932,1905,2125,"237,258"
boston_forsale_02125.csv,452000,6,3,3132 ,1920,2125,"344,843"
boston_forsale_02125.csv,295000,2,1,1000 ,1880,2125,"263,380"
boston_forsale_02125.csv,300000,2,1,1000 ,1910,2125,"246,765"
boston_forsale_02125.csv,600000,4,2.5,1761 ,1930,2125,"323,017"
boston_forsale_02125.csv,330000,2,1,1260 ,1910,2125,"257,406"
boston_forsale_02125.csv,375000,2,2,1488 ,1905,2125,"332,061"
boston_forsale_02125.csv,354000,3,2,1152 ,1900,2125,"306,734"
boston_forsale_02125.csv,350000,2,1,815,"<span class=""noicon contact-label track-ga-event"" data-ga-label=""Year Built"" data-ga-action=""Contact for details link"" data-ga-category=""Homes""><a class=""show-lightbox"" data-reason=""1"" href=""#contact-lightbox"">Contact for details</a></span>",2125,"271,332"
boston_forsale_02125.csv,430,4,2,2230 ,1986,2125,"381,431"
boston_forsale_02125.csv,169936,4,2,2015 ,1900,2125,"169,936"
boston_forsale_02125.csv,255443,4,3,2619 ,1905,2125,"255,443"
boston_forsale_02126.csv,695000,12,6,5604 ,1920,2126,"629,679"
boston_forsale_02126.csv,285000,4,2.5,1734 ,1900,2126,0
boston_forsale_02126.csv,359400,4,2,1715 ,1945,2126,0
boston_forsale_02126.csv,650000,12,6,5802 ,1910,2126,0
boston_forsale_02126.csv,129900,3,1,984,1945,2126,0
boston_forsale_02126.csv,250000,4,1.5,1561 ,1903,2126,0
boston_forsale_02126.csv,249900,6,2,3008 ,1920,2126,"255,804"
boston_forsale_02126.csv,245000,5,3,2520 ,2001,2126,"247,749"
boston_forsale_02126.csv,449000,9,3,4020 ,1905,2126,0
boston_forsale_02126.csv,249000,3,2,1120 ,1950,2126,"215,623"
boston_forsale_02126.csv,374900,4,2,1864 ,1900,2126,"334,546"
boston_forsale_02126.csv,224000,3,1.5,1576 ,1940,2126,"235,642"
boston_forsale_02126.csv,274999,5,3,2133 ,1900,2126,"289,220"
boston_forsale_02126.csv,315000,3,2,1257 ,1905,2126,0
boston_forsale_02126.csv,109000,2,1,896,1905,2126,"114,364"
boston_forsale_02126.csv,260000,4,2.5,1400 ,1961,2126,"211,601"
boston_forsale_02126.csv,236622,5,3,2179 ,1920,2126,"236,622"
boston_forsale_02126.csv,248199,6,2,2652 ,1935,2126,"248,199"
boston_forsale_02126.csv,277241,9,3,3090 ,1905,2126,"277,241"
boston_forsale_02126.csv,242349,5,3,2630 ,1910,2126,"242,349"
boston_forsale_02127.csv,519000,2,2,1288 ,1930,2127,"480,268"
boston_forsale_02127.csv,374900,2,1,733,2009,2127,"309,620"
boston_forsale_02127.csv,440000,2,2,1000 ,2006,2127,0
boston_forsale_02127.csv,315000,2,1,680,1890,2127,0
boston_forsale_02127.csv,625000,2,2.5,1205 ,2011,2127,"558,717"
boston_forsale_02127.csv,499900,3,2.5,1401 ,1873,2127,"484,091"
boston_forsale_02127.csv,849900,4,2.5,1548 ,1900,2127,0
boston_forsale_02127.csv,309000,1,1,640,1890,2127,0
boston_forsale_02127.csv,249000,1,1,550,1900,2127,"230,629"
boston_forsale_02127.csv,285000,1,1,525,"<span class=""noicon contact-label track-ga-event"" data-ga-label=""Year Built"" data-ga-action=""Contact for details link"" data-ga-category=""Homes""><a class=""show-lightbox"" data-reason=""1"" href=""#contact-lightbox"">Contact for details</a></span>",2127,"321,971"
boston_forsale_02127.csv,849000,2,3,2350 ,2009,2127,0
boston_forsale_02127.csv,399900,1,1,758,2011,2127,0
boston_forsale_02127.csv,639900,2,2.5,1205 ,2011,2127,"559,586"
boston_forsale_02127.csv,499000,2,2,1020 ,2004,2127,0
boston_forsale_02127.csv,625000,2,1.5,1548 ,1900,2127,"561,454"
boston_forsale_02127.csv,525000,2,2,1126 ,1905,2127,"463,390"
boston_forsale_02127.csv,499999,3,2,1564 ,1899,2127,0
boston_forsale_02127.csv,570000,2,1,1382 ,1899,2127,"513,638"
boston_forsale_02127.csv,650000,6,6,2100 ,1890,2127,"664,567"
boston_forsale_02127.csv,1899000,4,4,2700 ,1906,2127,"1,588,870"
boston_forsale_02127.csv,509900,2,2,1077 ,1900,2127,"451,060"
boston_forsale_02127.csv,549000,2,2,1650 ,2006,2127,0
boston_forsale_02127.csv,979000,2,2,1844 ,2007,2127,"865,040"
boston_forsale_02127.csv,579000,2,2,1301 ,2006,2127,"431,172"
boston_forsale_02127.csv,262000,1,1,667,1890,2127,"269,394"
boston_forsale_02127.csv,549000,2,2,1650 ,2006,2127,0
boston_forsale_02127.csv,429900,2,1,843,2009,2127,"350,243"
boston_forsale_02127.csv,315000,2,1,679,1905,2127,"224,507"
boston_forsale_02127.csv,519000,3,1,1194 ,1905,2127,"425,213"
boston_forsale_02127.csv,255000,1,1,572,1890,2127,"274,531"
boston_forsale_02127.csv,429000,2,1.5,1228 ,1890,2127,"415,299"
boston_forsale_02127.csv,559000,2,2,1348 ,2005,2127,"520,567"
boston_forsale_02127.csv,449000,2,1,900,1905,2127,"378,263"
boston_forsale_02127.csv,585000,2,2,1269 ,2013,2127,0
boston_forsale_02127.csv,1800000,7,3.5,3928 ,1890,2127,"890,503"
boston_forsale_02127.csv,399000,2,2,1258 ,1890,2127,"437,041"
boston_forsale_02127.csv,429000,2,2,760,1900,2127,"369,526"
boston_forsale_02127.csv,869000,2,2,1690 ,2007,2127,"791,551"
boston_forsale_02127.csv,499000,2,1,1016 ,1905,2127,"353,188"
boston_forsale_02127.csv,649000,2,1.5,1695 ,1988,2127,"452,020"
boston_forsale_02127.csv,329000,1,1,532,1890,2127,"293,995"
boston_forsale_02127.csv,399000,2,1,687,1899,2127,"313,724"
boston_forsale_02127.csv,329000,1,1,615,2005,2127,"275,337"
boston_forsale_02127.csv,599000,3,2.5,1850 ,2008,2127,"543,315"
boston_forsale_02127.csv,499000,2,2,1220 ,2003,2127,"497,061"
boston_forsale_02127.csv,715000,3,3,2125 ,1890,2127,"517,221"
boston_forsale_02127.csv,649000,2,2,1263 ,1906,2127,"486,390"
boston_forsale_02127.csv,369000,2,1,737,1910,2127,"322,019"
boston_forsale_02127.csv,639000,2,2.5,1350 ,2013,2127,"595,650"
boston_forsale_02127.csv,599900,2,2,1323 ,1900,2127,"553,330"
boston_forsale_02127.csv,369000,2,1,725,1946,2127,"320,719"
boston_forsale_02127.csv,279000,1,1,475,1925,2127,"270,640"
boston_forsale_02127.csv,690000,4,3.5,2304 ,1890,2127,"643,401"
boston_forsale_02127.csv,229000,1,1,400,1925,2127,"216,166"
boston_forsale_02127.csv,229000,1,1,400,1925,2127,"217,390"
boston_forsale_02127.csv,629000,2,2,1306 ,2013,2127,"539,917"
boston_forsale_02127.csv,429000,3,2,1195 ,1893,2127,"439,879"
boston_forsale_02127.csv,429000,3,2,1195 ,1893,2127,"445,546"
boston_forsale_02127.csv,569000,2,2.5,1742 ,1998,2127,"605,812"
boston_forsale_02127.csv,375000,2,1.5,1189 ,1899,2127,"241,585"
boston_forsale_02127.csv,675000,2,2,1200 ,2009,2127,"498,873"
boston_forsale_02127.csv,569000,2,2,1154 ,2013,2127,"510,032"
boston_forsale_02127.csv,335000,1,1,653,1890,2127,"275,323"
boston_forsale_02127.csv,459000,2,1.5,1109 ,2005,2127,"420,894"
boston_forsale_02127.csv,360000,1,1,707,1890,2127,"314,319"
boston_forsale_02127.csv,279000,1,1,486,1905,2127,"253,094"
boston_forsale_02127.csv,449000,2,2,991,1910,2127,"395,383"
boston_forsale_02127.csv,309000,1,1,632,1905,2127,0
boston_forsale_02127.csv,349000,2,1.5,904,1900,2127,"304,388"
boston_forsale_02127.csv,329000,1,1,444,1890,2127,"410,578"
boston_forsale_02127.csv,439000,2,2,800,1910,2127,"367,965"
boston_forsale_02127.csv,599000,2,2,1269 ,2013,2127,"537,984"
boston_forsale_02127.csv,499000,4,2.5,1725 ,1880,2127,"477,889"
boston_forsale_02127.csv,309900,1,1,500,1910,2127,"227,297"
boston_forsale_02127.csv,799000,4,2.5,2025 ,1890,2127,"650,481"
boston_forsale_02127.csv,449900,1,1,1008 ,1899,2127,"399,833"
boston_forsale_02127.csv,529000,2,2,1260 ,1920,2127,"451,864"
boston_forsale_02127.csv,590000,2,2,902,2003,2127,"407,863"
boston_forsale_02127.csv,725000,2,2,1143 ,2013,2127,"628,701"
boston_forsale_02127.csv,610000,2,2,1270 ,2013,2127,"538,392"
boston_forsale_02127.csv,599000,2,2,1239 ,2013,2127,"538,457"
boston_forsale_02127.csv,725000,2,2,1143 ,2013,2127,"628,701"
boston_forsale_02127.csv,339000,2,1,714,1939,2127,"302,617"
boston_forsale_02127.csv,395000,2,1,657,1924,2127,0
boston_forsale_02127.csv,379900,2,1.5,830,1980,2127,"354,995"
boston_forsale_02127.csv,439000,2,2,1542 ,2003,2127,"424,330"
boston_forsale_02127.csv,389000,2,1,850,2005,2127,"347,164"
boston_forsale_02127.csv,449000,1,1,782,1906,2127,0
boston_forsale_02127.csv,329000,1,1,680,1910,2127,"307,785"
boston_forsale_02127.csv,519000,2,2,1621 ,1910,2127,"491,824"
boston_forsale_02127.csv,299000,1,1,515,1900,2127,"247,349"
boston_forsale_02127.csv,745000,2,2,1416 ,2013,2127,"668,134"
boston_forsale_02127.csv,665000,1,1,1087 ,2007,2127,"589,872"
boston_forsale_02127.csv,354000,2,0,782,1900,2127,0
boston_forsale_02127.csv,750000,3,3.5,1980 ,1880,2127,"633,971"
boston_forsale_02127.csv,289000,1,1,710,1910,2127,"276,975"
boston_forsale_02127.csv,410000,2,1.5,995,1890,2127,"378,568"
boston_forsale_02127.csv,379000,2,1,678,1899,2127,"337,524"
boston_forsale_02127.csv,639000,2,2,1360 ,2013,2127,"553,083"
boston_forsale_02127.csv,329000,1,1,700,1900,2127,"313,107"
boston_forsale_02127.csv,339000,2,2,731,1900,2127,"301,422"
boston_forsale_02127.csv,599000,2,1.5,1216 ,1995,2127,"477,714"
boston_forsale_02127.csv,525000,3,2.5,1734 ,2001,2127,"524,602"
boston_forsale_02127.csv,569000,3,2,1000 ,"<span class=""noicon contact-label track-ga-event"" data-ga-label=""Year Built"" data-ga-action=""Contact for details link"" data-ga-category=""Homes""><a class=""show-lightbox"" data-reason=""1"" href=""#contact-lightbox"">Contact for details</a></span>",2127,"482,904"
boston_forsale_02127.csv,2900000,12,9,5000 ,1981,2127,"2,464,999"
boston_forsale_02127.csv,379000,2,1.5,1047 ,1993,2127,"363,671"
boston_forsale_02127.csv,775000,3,2.5,2241 ,2006,2127,"717,910"
boston_forsale_02127.csv,740000,2,2,1334 ,1945,2127,"645,202"
boston_forsale_02127.csv,939000,5,2,4175 ,1890,2127,"791,464"
boston_forsale_02127.csv,599000,2,2,1143 ,2013,2127,"605,152"
boston_forsale_02127.csv,599000,2,2,1306 ,2013,2127,"559,038"
boston_forsale_02127.csv,729000,3,3,2100 ,2013,2127,"664,756"
boston_forsale_02127.csv,749000,2,3,2100 ,2013,2127,"681,729"
boston_forsale_02127.csv,579000,2,2,1269 ,2013,2127,"554,896"
boston_forsale_02127.csv,689000,2,3,2000 ,1905,2127,"664,037"
boston_forsale_02127.csv,279000,1,1,515,1905,2127,"248,224"
boston_forsale_02127.csv,399000,3,1,1504 ,1880,2127,"462,658"
boston_forsale_02127.csv,439000,2,2,1195 ,1910,2127,"415,701"
boston_forsale_02127.csv,579000,3,2,1645 ,2001,2127,"529,127"
boston_forsale_02127.csv,299000,1,1,700,1880,2127,"277,755"
boston_forsale_02127.csv,739000,2,2,1591 ,2012,2127,"651,537"
boston_forsale_02127.csv,619000,2,2,1293 ,2003,2127,"571,733"
boston_forsale_02127.csv,299000,1,1,700,1880,2127,"303,278"
boston_forsale_02127.csv,389000,3,2,1000 ,2001,2127,"352,973"
boston_forsale_02127.csv,979000,2,2,1844 ,2007,2127,"879,232"
boston_forsale_02127.csv,335000,1,1,604,1988,2127,0
boston_forsale_02127.csv,409000,3,1.5,1523 ,1890,2127,"392,107"
boston_forsale_02127.csv,649000,2,2,1540 ,2013,2127,"598,043"
boston_forsale_02127.csv,899000,6,2,2502 ,1872,2127,"749,746"
boston_forsale_02127.csv,869000,3,2.5,1771 ,2000,2127,"745,002"
boston_forsale_02127.csv,2250000,4,4,4236 ,1900,2127,"1,732,245"
boston_forsale_02127.csv,935000,4,2,9999 ,1900,2127,0
boston_forsale_02127.csv,2900000,3,3,3223 ,Unknown,2127,0
boston_forsale_02127.csv,2900000,3,3,3223 ,2007,2127,"2,464,999"
boston_forsale_02127.csv,2200000,2,3,2207 ,2007,2127,0
boston_forsale_02127.csv,339000,5,1,1034 ,1920,2127,"356,438"
boston_forsale_02127.csv,1000000,2,2,1519 ,2012,2127,"612,182"
boston_forsale_02127.csv,869000,2,2.5,1897 ,2007,2127,"801,735"
boston_forsale_02127.csv,389000,2,2,963,2001,2127,"421,042"
boston_forsale_02127.csv,815000,1,2.5,1539 ,1906,2127,"791,540"
boston_forsale_02127.csv,559900,99,0,1300 ,1890,2127,"567,098"
boston_forsale_02127.csv,309000,2,1.5,830,1890,2127,"327,550"
boston_forsale_02127.csv,649000,2,2,1370 ,2006,2127,"643,875"
boston_forsale_02127.csv,850000,11,3,4530 ,1928,2127,"632,843"
boston_forsale_02127.csv,495000,2,1,1115 ,1890,2127,"412,185"
boston_forsale_02127.csv,485000,3,2,1875 ,1995,2127,"419,230"
boston_forsale_02127.csv,575000,2,2,1170 ,1900,2127,"553,442"
boston_forsale_02127.csv,600000,2,2.5,1482 ,1880,2127,"539,583"
boston_forsale_02127.csv,429000,3,2,1196 ,2004,2127,"463,080"
boston_forsale_02127.csv,600000,2,2,880,2011,2127,"432,233"
boston_forsale_02127.csv,1100000,2,2,1717 ,1982,2127,"592,309"
boston_forsale_02127.csv,800000,3,2,2100 ,1890,2127,"722,489"
boston_forsale_02127.csv,900000,7,5,3244 ,1900,2127,"654,456"
boston_forsale_02127.csv,370000,2,2,845,1890,2127,"365,477"
boston_forsale_02127.csv,500000,2,2,1131 ,1905,2127,"461,763"
boston_forsale_02127.csv,475000,3,1,1079 ,1900,2127,"400,178"
boston_forsale_02127.csv,510000,3,2.5,960,1890,2127,"449,877"
boston_forsale_02127.csv,339900,1,1,660,1899,2127,"316,557"
boston_forsale_02127.csv,316000,3,1,929,1900,2127,"328,640"
boston_forsale_02127.csv,415000,2,1,1150 ,1890,2127,"393,084"
boston_forsale_02127.csv,1000000,6,3,2592 ,1905,2127,"606,531"
boston_forsale_02127.csv,1000000,7,3,3492 ,1900,2127,"722,661"
boston_forsale_02127.csv,459000,3,2,1132 ,1935,2127,"421,856"
boston_forsale_02127.csv,390000,2,1,839,1880,2127,"323,399"
boston_forsale_02127.csv,550000,3,2,1119 ,1920,2127,"447,139"
boston_forsale_02127.csv,450000,3,1.5,1219 ,1930,2127,"401,007"
boston_forsale_02127.csv,300000,2,1,658,1930,2127,"273,913"
boston_forsale_02127.csv,1200000,3,3,1938 ,1900,2127,"430,105"
boston_forsale_02127.csv,750000,10,3,3394 ,1900,2127,"607,535"
boston_forsale_02127.csv,550000,1,2,1100 ,1900,2127,"440,218"
boston_forsale_02127.csv,319000,1,1,907,1984,2127,"321,776"
boston_forsale_02127.csv,400000,2,1,766,1890,2127,"329,608"
boston_forsale_02127.csv,625000,2,2,1473 ,2004,2127,"541,716"
boston_forsale_02127.csv,315000,2,1,548,1905,2127,"244,453"
boston_forsale_02127.csv,330000,1,1,680,2005,2127,"285,658"
boston_forsale_02127.csv,425000,2,2,1131 ,1910,2127,"424,937"
boston_forsale_02127.csv,800000,2,2,1260 ,2005,2127,"492,504"
boston_forsale_02127.csv,275000,1,1,555,1920,2127,"251,735"
boston_forsale_02127.csv,1000000,4,3,1958 ,1920,2127,"567,707"
boston_forsale_02127.csv,525000,2,2.5,1150 ,1890,2127,"578,011"
boston_forsale_02127.csv,335000,3,2,1000 ,1900,2127,"445,429"
boston_forsale_02127.csv,375000,1,1,512,1900,2127,"253,805"
boston_forsale_02127.csv,414758,2,2,1367 ,2006,2127,"414,758"
boston_forsale_02127.csv,404077,2,2,1277 ,2006,2127,"404,077"
boston_forsale_02128.csv,529000,5,5,3183 ,2005,2128,0
boston_forsale_02128.csv,299900,3,1.5,1368 ,1900,2128,"248,671"
boston_forsale_02128.csv,309900,2,2,1386 ,"<span class=""noicon contact-label track-ga-event"" data-ga-label=""Year Built"" data-ga-action=""Contact for details link"" data-ga-category=""Homes""><a class=""show-lightbox"" data-reason=""1"" href=""#contact-lightbox"">Contact for details</a></span>",2128,"294,390"
boston_forsale_02128.csv,309900,2,2,1378 ,"<span class=""noicon contact-label track-ga-event"" data-ga-label=""Year Built"" data-ga-action=""Contact for details link"" data-ga-category=""Homes""><a class=""show-lightbox"" data-reason=""1"" href=""#contact-lightbox"">Contact for details</a></span>",2128,"294,119"
boston_forsale_02128.csv,309900,2,2,1373 ,"<span class=""noicon contact-label track-ga-event"" data-ga-label=""Year Built"" data-ga-action=""Contact for details link"" data-ga-category=""Homes""><a class=""show-lightbox"" data-reason=""1"" href=""#contact-lightbox"">Contact for details</a></span>",2128,"294,084"
boston_forsale_02128.csv,1800,3,1,1390 ,1900,2128,0
boston_forsale_02128.csv,249900,6,3,1586 ,1900,2128,0
boston_forsale_02128.csv,299000,5,2,1997 ,1900,2128,"268,629"
boston_forsale_02128.csv,334000,5,3,2772 ,1900,2128,"335,189"
boston_forsale_02128.csv,420000,3,3,1590 ,1910,2128,"370,023"
boston_forsale_02128.csv,329944,2,1,1437 ,1927,2128,"293,741"
boston_forsale_02128.csv,489000,8,4,2757 ,1885,2128,0
boston_forsale_02128.csv,329000,3,3,1500 ,1850,2128,0
boston_forsale_02128.csv,329000,3,3,1500 ,1885,2128,0
boston_forsale_02128.csv,265000,2,1,835,1910,2128,"242,872"
boston_forsale_02128.csv,529900,11,3,3231 ,1915,2128,"420,718"
boston_forsale_02128.csv,299944,2,1,895,1927,2128,0
boston_forsale_02128.csv,309900,2,2,1378 ,"<span class=""noicon contact-label track-ga-event"" data-ga-label=""Year Built"" data-ga-action=""Contact for details link"" data-ga-category=""Homes""><a class=""show-lightbox"" data-reason=""1"" href=""#contact-lightbox"">Contact for details</a></span>",2128,0
boston_forsale_02128.csv,309900,2,2,1373 ,"<span class=""noicon contact-label track-ga-event"" data-ga-label=""Year Built"" data-ga-action=""Contact for details link"" data-ga-category=""Homes""><a class=""show-lightbox"" data-reason=""1"" href=""#contact-lightbox"">Contact for details</a></span>",2128,0
boston_forsale_02128.csv,309900,2,2,1386 ,"<span class=""noicon contact-label track-ga-event"" data-ga-label=""Year Built"" data-ga-action=""Contact for details link"" data-ga-category=""Homes""><a class=""show-lightbox"" data-reason=""1"" href=""#contact-lightbox"">Contact for details</a></span>",2128,0
boston_forsale_02128.csv,349000,4,2,1100 ,1960,2128,0
boston_forsale_02128.csv,299900,4,2,1837 ,1905,2128,"347,752"
boston_forsale_02128.csv,242000,2,1,1017 ,2004,2128,"228,176"
boston_forsale_02128.csv,549000,4,4,2205 ,1900,2128,"445,201"
boston_forsale_02128.csv,275000,2,2,816,1910,2128,"226,701"
boston_forsale_02128.csv,169000,1,1,415,1920,2128,"166,316"
boston_forsale_02128.csv,539000,4,5.5,3528 ,1930,2128,"510,111"
boston_forsale_02128.csv,329000,4,2,1827 ,1900,2128,"286,991"
boston_forsale_02128.csv,259000,2,1,858,1900,2128,"190,131"
boston_forsale_02128.csv,450000,3,1.5,1594 ,1847,2128,"377,149"
boston_forsale_02128.csv,259000,1,1,892,1847,2128,"253,317"
boston_forsale_02128.csv,349000,3,3.5,1944 ,1910,2128,"274,850"
boston_forsale_02128.csv,239000,1,1,898,1847,2128,"234,416"
boston_forsale_02128.csv,299000,3,1.5,1595 ,1900,2128,"279,792"
boston_forsale_02128.csv,439900,6,4,2196 ,1900,2128,0
boston_forsale_02128.csv,399000,3,2,1384 ,1910,2128,"280,172"
boston_forsale_02128.csv,239900,3,2,1398 ,1910,2128,0
boston_forsale_02128.csv,244900,3,2,1600 ,1875,2128,"261,738"
boston_forsale_02128.csv,192900,1,1,741,1900,2128,"188,165"
boston_forsale_02128.csv,369900,5,4.5,1990 ,1920,2128,"356,234"
boston_forsale_02128.csv,499999,4,3,1406 ,1959,2128,0
boston_forsale_02128.csv,299000,8,4,2554 ,2004,2128,0
boston_forsale_02128.csv,329900,4,2,2336 ,1900,2128,0
boston_forsale_02128.csv,419000,5,3,2975 ,1900,2128,0
boston_forsale_02128.csv,192900,1,1,741,1900,2128,"180,871"
boston_forsale_02128.csv,279000,2,2,988,1900,2128,"256,307"
boston_forsale_02128.csv,139999,1,1,650,1880,2128,0
boston_forsale_02128.csv,409000,8,3,2613 ,1900,2128,0
boston_forsale_02128.csv,229900,3,1,1017 ,1930,2128,"238,316"
boston_forsale_02128.csv,419900,10,3,3415 ,1920,2128,0
boston_forsale_02128.csv,399000,4,2.5,1814 ,1964,2128,"361,316"
boston_forsale_02128.csv,350000,4,2,1348 ,1900,2128,"287,492"
boston_forsale_02128.csv,359000,4,3,1240 ,1900,2128,"297,621"
boston_forsale_02128.csv,195000,1,1,530,1912,2128,"170,330"
boston_forsale_02128.csv,480000,2,2,1248 ,1899,2128,"338,191"
boston_forsale_02128.csv,126804,1,1,575,1920,2128,"126,804"
boston_forsale_02128.csv,500000,8,3,3156 ,1910,2128,"413,755"
boston_forsale_02128.csv,375000,4,2,1858 ,1918,2128,"398,002"
boston_forsale_02128.csv,250000,5,2,2036 ,1900,2128,"230,848"
boston_forsale_02128.csv,250000,2,1,638,1880,2128,"242,352"
boston_forsale_02128.csv,375000,3,3.5,1232 ,2003,2128,"381,101"
boston_forsale_02128.csv,525000,2,2.5,1584 ,1880,2128,"324,273"
boston_forsale_02128.csv,425000,3,1.5,2024 ,1900,2128,"259,615"
boston_forsale_02128.csv,215000,2,1,1012 ,1920,2128,"174,726"
boston_forsale_02128.csv,230000,2,1,833,1900,2128,"167,406"
boston_forsale_02128.csv,360000,2,1,948,1920,2128,"249,960"
boston_forsale_02210.csv,1679000,2,2.5,1840 ,2006,2210,0
boston_forsale_02210.csv,2749000,3,3.5,2727 ,2006,2210,0
boston_forsale_02210.csv,2825000,3,4.5,2736 ,2006,2210,0
boston_forsale_02210.csv,484000,1,1,683,1899,2210,"430,876"
boston_forsale_02210.csv,639900,1,1,1153 ,1911,2210,"529,170"
boston_forsale_02210.csv,1195000,2,3,2351 ,2004,2210,0
boston_forsale_02210.csv,879000,1,2,1184 ,2008,2210,0
boston_forsale_02210.csv,659000,1,1.5,1229 ,2004,2210,"583,058"
boston_forsale_02210.csv,899000,1,1.5,1067 ,2006,2210,"783,979"
boston_forsale_02210.csv,899500,1,2,1719 ,1920,2210,"806,620"
boston_forsale_02210.csv,1779000,2,2.5,1868 ,2006,2210,"1,530,406"
boston_forsale_02210.csv,2400000,2,2.5,1751 ,2008,2210,"1,270,227"
boston_forsale_02210.csv,1100000,2,2.5,2323 ,2004,2210,"1,143,887"
boston_forsale_02210.csv,550000,1,1,1005 ,1900,2210,"516,625"
boston_forsale_02210.csv,579000,1,1.5,924,2004,2210,"578,097"
boston_forsale_02215.csv,369000,1,1,619,1920,2215,"339,753"
boston_forsale_02215.csv,379000,2,1,635,1900,2215,0
boston_forsale_02215.csv,495000,2,1,705,1924,2215,0
boston_forsale_02215.csv,559000,1,1,673,1897,2215,0
boston_forsale_02215.csv,575000,1,1,745,1897,2215,0
boston_forsale_02215.csv,721000,2,2,1033 ,2005,2215,"664,255"
boston_forsale_02215.csv,299000,1,1,800,1970,2215,0
boston_forsale_02215.csv,399000,1,1,538,1900,2215,"364,539"
boston_forsale_02215.csv,475000,2,1,730,"<span class=""noicon contact-label track-ga-event"" data-ga-label=""Year Built"" data-ga-action=""Contact for details link"" data-ga-category=""Homes""><a class=""show-lightbox"" data-reason=""1"" href=""#contact-lightbox"">Contact for details</a></span>",2215,0
boston_forsale_02215.csv,325000,1,1,470,"<span class=""noicon contact-label track-ga-event"" data-ga-label=""Year Built"" data-ga-action=""Contact for details link"" data-ga-category=""Homes""><a class=""show-lightbox"" data-reason=""1"" href=""#contact-lightbox"">Contact for details</a></span>",2215,0
boston_forsale_02215.csv,769000,2,2,1076 ,1920,2215,"722,478"
boston_forsale_02215.csv,275000,1,1,429,1930,2215,"248,537"
boston_forsale_02215.csv,599000,2,1,883,1910,2215,"601,665"
boston_forsale_02215.csv,519000,1,1,663,2006,2215,"369,149"
boston_forsale_02215.csv,439900,1,1,725,1910,2215,"418,632"
boston_forsale_02215.csv,649000,1,1,813,1895,2215,"497,574"
boston_forsale_02215.csv,279500,1,1,399,1918,2215,"242,604"
boston_forsale_02215.csv,449000,1,1,875,1910,2215,0
boston_forsale_02215.csv,599900,2,1,902,2005,2215,"510,647"
boston_forsale_02215.csv,775000,2,2,1285 ,1910,2215,"782,417"
boston_forsale_02215.csv,4200000,3,3,2189 ,1899,2215,"2,474,522"
boston_forsale_02215.csv,499000,1,1,898,1910,2215,"365,550"
boston_forsale_02215.csv,370000,1,1,492,1900,2215,"331,164"
boston_forsale_02215.csv,769000,2,2,1076 ,1910,2215,"673,276"
boston_forsale_02215.csv,330000,1,1,505,1900,2215,"324,201"
boston_forsale_02215.csv,775000,2,2,1285 ,1910,2215,"776,123"
boston_forsale_02215.csv,889000,2,2,1152 ,1897,2215,"666,944"
boston_forsale_02215.csv,329000,1,1,540,1910,2215,"279,356"
boston_forsale_02215.csv,349000,1,1,615,"<span class=""noicon contact-label track-ga-event"" data-ga-label=""Year Built"" data-ga-action=""Contact for details link"" data-ga-category=""Homes""><a class=""show-lightbox"" data-reason=""1"" href=""#contact-lightbox"">Contact for details</a></span>",2215,"343,623"
boston_forsale_02215.csv,4200000,3,3.5,3012 ,1890,2215,"2,648,414"
boston_forsale_02215.csv,300500,1,1,484,1925,2215,"263,223"
boston_forsale_02215.csv,588800,2,1,1134 ,1910,2215,"530,969"
boston_forsale_02215.csv,369000,1,1,765,"<span class=""noicon contact-label track-ga-event"" data-ga-label=""Year Built"" data-ga-action=""Contact for details link"" data-ga-category=""Homes""><a class=""show-lightbox"" data-reason=""1"" href=""#contact-lightbox"">Contact for details</a></span>",2215,"419,311"
boston_forsale_02215.csv,360000,1,1,595,1887,2215,"305,977"
